"pcc_factor_unit","moderator","moderator_class","estimate","se","tval","df","pval","ci.lb","ci.ub","beta","se.1","ci.lb.1","ci.ub.1","tval.1","pval.1","df.1","factor_sub_class","significance2"
"Farm size (continuous)","m_region","Africa",0.0177860307352432,0.0230567747451473,0.771401504843456,84,0.442633593931781,-0.028064894412238,0.0636369558827244,0.0177860307352432,0.0230567747451473,-0.028064894412238,0.0636369558827244,0.771401504843456,0.442633593931781,84,"Physical capital","no_significant_positive"
"Farm size (continuous)","m_region","Asia",0.101088455967817,0.0386944186648291,2.61248157889242,84,0.0106472607708824,0.0241403609529326,0.178036550982701,0.101088455967817,0.0386944186648291,0.0241403609529326,0.178036550982701,2.61248157889242,0.0106472607708824,84,"Physical capital","significant_positive"
"Farm size (continuous)","m_region","Europe",-0.0140167131898166,0.104811721039584,-0.133732306375573,84,0.893934138307969,-0.222446314861494,0.19441288848186,-0.0140167131898166,0.104811721039584,-0.222446314861494,0.19441288848186,-0.133732306375573,0.893934138307969,84,"Physical capital","no_significant_negative"
"Farm size (continuous)","m_region","Latin America and the Caribbean",0.0376537843221435,0.13598430973362,0.276898006806107,84,0.782538660554981,-0.232765928571152,0.308073497215439,0.0376537843221435,0.13598430973362,-0.232765928571152,0.308073497215439,0.276898006806107,0.782538660554981,84,"Physical capital","no_significant_positive"
"Farm size (continuous)","m_region","Northern America",0.0141252121361532,0.0577990743299398,0.244384746640075,84,0.807528809232679,-0.100814585818613,0.129065010090919,0.0141252121361532,0.0577990743299398,-0.100814585818613,0.129065010090919,0.244384746640075,0.807528809232679,84,"Physical capital","no_significant_positive"
"Livestock units (continuous)","m_region","Africa",0.0155440600182299,0.0503456184375126,0.308747027062995,25,0.760072214122339,-0.0881446821160346,0.119232802152494,0.0155440600182299,0.0503456184375126,-0.0881446821160346,0.119232802152494,0.308747027062995,0.760072214122339,25,"Physical capital","no_significant_positive"
"Livestock units (continuous)","m_region","Asia",0.0698765673069971,0.0992141274184978,0.704300578205449,25,0.48775499775378,-0.134458753089177,0.274211887703171,0.0698765673069971,0.0992141274184978,-0.134458753089177,0.274211887703171,0.704300578205449,0.48775499775378,25,"Physical capital","no_significant_positive"
"Livestock units (continuous)","m_region","Northern America",0.0929343290958152,0.126916640331209,0.73224699971011,25,0.470827493168882,-0.168455384652234,0.354324042843865,0.0929343290958152,0.126916640331209,-0.168455384652234,0.354324042843865,0.73224699971011,0.470827493168882,25,"Physical capital","no_significant_positive"
"Adults in household (continuous)","m_region","Africa",0.0967681111128536,0.0990005571726803,0.977450166710347,12,0.347640783576395,-0.118935572999186,0.312471795224894,0.0967681111128536,0.0990005571726803,-0.118935572999186,0.312471795224894,0.977450166710347,0.347640783576395,12,"Social capital","no_significant_positive"
"Adults in household (continuous)","m_region","Asia",0.0952140855268344,0.0978887702103495,0.972676286791962,12,0.349913449866775,-0.118067222887822,0.308495393941491,0.0952140855268344,0.0978887702103495,-0.118067222887822,0.308495393941491,0.972676286791962,0.349913449866775,12,"Social capital","no_significant_positive"
"Adults in household (continuous)","m_region","Europe",-0.110830822491716,0.271810626861375,-0.407750144913356,12,0.690637792255404,-0.703055303537172,0.48139365855374,-0.110830822491716,0.271810626861375,-0.703055303537172,0.48139365855374,-0.407750144913356,0.690637792255404,12,"Social capital","no_significant_negative"
"Adults in household (continuous)","m_region","Latin America and the Caribbean",0.152143200602167,0.269460619594912,0.564621282437813,12,0.582732078567621,-0.434961054461308,0.739247455665642,0.152143200602167,0.269460619594912,-0.434961054461308,0.739247455665642,0.564621282437813,0.582732078567621,12,"Social capital","no_significant_positive"
"Household size (continuous)","m_region","Africa",0.0290434980717384,0.0270169650896604,1.07500964580413,63,0.286470359042014,-0.0249455986027975,0.0830325947462742,0.0290434980717384,0.0270169650896604,-0.0249455986027975,0.0830325947462742,1.07500964580413,0.286470359042014,63,"Socio-demographic","no_significant_positive"
"Household size (continuous)","m_region","Asia",-0.000262987403920331,0.0561894541826859,-0.00468036943489954,63,0.996280408326975,-0.112548651759293,0.112022676951453,-0.000262987403920331,0.0561894541826859,-0.112548651759293,0.112022676951453,-0.00468036943489954,0.996280408326975,63,"Socio-demographic","no_significant_negative"
"Household size (continuous)","m_region","Europe",0.107430291281345,0.216187084884695,0.496932050028075,63,0.620966711649196,-0.324585125213115,0.539445707775804,0.107430291281345,0.216187084884695,-0.324585125213115,0.539445707775804,0.496932050028075,0.620966711649196,63,"Socio-demographic","no_significant_positive"
"Household size (continuous)","m_region","Latin America and the Caribbean",0.0636586861167256,0.199934982041303,0.318396938178507,63,0.751236988998151,-0.335879494364566,0.463196866598017,0.0636586861167256,0.199934982041303,-0.335879494364566,0.463196866598017,0.318396938178507,0.751236988998151,63,"Socio-demographic","no_significant_positive"
"Household size (continuous)","m_region","Northern America",0.0487457253559185,0.19604290980552,0.248648244429118,63,0.804441672408528,-0.34301476938219,0.440506220094027,0.0487457253559185,0.19604290980552,-0.34301476938219,0.440506220094027,0.248648244429118,0.804441672408528,63,"Socio-demographic","no_significant_positive"
"Association member (1= yes)","m_region","Africa",0.0845159100715187,0.0368588284816753,2.29296246117906,52,0.0259252473024957,0.0105532596604483,0.158478560482589,0.0845159100715187,0.0368588284816753,0.0105532596604483,0.158478560482589,2.29296246117906,0.0259252473024957,52,"Social capital","significant_positive"
"Association member (1= yes)","m_region","Asia",0.0939398150625743,0.0583640676594283,1.60954879996955,52,0.113551239138024,-0.0231762548366218,0.21105588496177,0.0939398150625743,0.0583640676594283,-0.0231762548366218,0.21105588496177,1.60954879996955,0.113551239138024,52,"Social capital","no_significant_positive"
"Association member (1= yes)","m_region","Europe",0.00954442682833167,0.164646960592301,0.057969043546243,52,0.953995478282903,-0.320843870607328,0.339932724263991,0.00954442682833167,0.164646960592301,-0.320843870607328,0.339932724263991,0.057969043546243,0.953995478282903,52,"Social capital","no_significant_positive"
"Association member (1= yes)","m_region","Latin America and the Caribbean",-0.0618202715714334,0.240790307174499,-0.256739036952317,52,0.798393343159883,-0.545001372152964,0.421360829010097,-0.0618202715714334,0.240790307174499,-0.545001372152964,0.421360829010097,-0.256739036952317,0.798393343159883,52,"Social capital","no_significant_negative"
"Association member (1= yes)","m_region","Northern America",0.0200374940429541,0.161061201418944,0.124409192694606,52,0.901470981669912,-0.303155451203767,0.343230439289675,0.0200374940429541,0.161061201418944,-0.303155451203767,0.343230439289675,0.124409192694606,0.901470981669912,52,"Social capital","no_significant_positive"
"Access to extension (1= yes)","m_region","Africa",0.0703602928455854,0.03383218991071,2.07968485135844,47,0.0430343602778254,0.00229870573401056,0.13842187995716,0.0703602928455854,0.03383218991071,0.00229870573401056,0.13842187995716,2.07968485135844,0.0430343602778254,47,"Technical information","significant_positive"
"Access to extension (1= yes)","m_region","Asia",0.13711136724384,0.0699329739102983,1.96061113345058,47,0.0558662593069642,-0.00357562961711391,0.277798364104794,0.13711136724384,0.0699329739102983,-0.00357562961711391,0.277798364104794,1.96061113345058,0.0558662593069642,47,"Technical information","no_significant_positive"
"Access to extension (1= yes)","m_region","Europe",0.0511997528455896,0.151306084312802,0.338385287532402,47,0.736579873233069,-0.253188826940287,0.355588332631466,0.0511997528455896,0.151306084312802,-0.253188826940287,0.355588332631466,0.338385287532402,0.736579873233069,47,"Technical information","no_significant_positive"
"Access to extension (1= yes)","m_region","Latin America and the Caribbean",0.000761082216575815,0.144839305850156,0.00525466628073456,47,0.995829642777869,-0.29061801734268,0.292140181775831,0.000761082216575815,0.144839305850156,-0.29061801734268,0.292140181775831,0.00525466628073456,0.995829642777869,47,"Technical information","no_significant_positive"
"Access to extension (1= yes)","m_region","Northern America",0.0816978668765043,0.0911251822349833,0.896545443013009,47,0.37453084240115,-0.10162235404662,0.265018087799628,0.0816978668765043,0.0911251822349833,-0.10162235404662,0.265018087799628,0.896545443013009,0.37453084240115,47,"Technical information","no_significant_positive"
"Distance farm-house (continuous)","m_region","Africa",-0.072874498522131,0.0601091518950201,-1.21236943501391,17,0.241951430533002,-0.199693723560594,0.0539447265163315,-0.072874498522131,0.0601091518950201,-0.199693723560594,0.0539447265163315,-1.21236943501391,0.241951430533002,17,"Accessibility","no_significant_negative"
"Distance farm-house (continuous)","m_region","Asia",-0.0536819759879808,0.0892164736817648,-0.601704749948585,17,0.555310940425777,-0.241912281961124,0.134548329985163,-0.0536819759879808,0.0892164736817648,-0.241912281961124,0.134548329985163,-0.601704749948585,0.555310940425777,17,"Accessibility","no_significant_negative"
"Distance market (continuous)","m_region","Africa",-0.00164794175945809,0.0581484693093074,-0.0283402431574294,20,0.977671673715571,-0.122943523253134,0.119647639734218,-0.00164794175945809,0.0581484693093074,-0.122943523253134,0.119647639734218,-0.0283402431574294,0.977671673715571,20,"Accessibility","no_significant_negative"
"Distance market (continuous)","m_region","Asia",0.109055489490012,0.127262587430164,0.856932832281576,20,0.401633743169191,-0.156409616093787,0.374520595073811,0.109055489490012,0.127262587430164,-0.156409616093787,0.374520595073811,0.856932832281576,0.401633743169191,20,"Accessibility","no_significant_positive"
"Access to information (1= yes)","m_region","Africa",0.0469872050165654,0.0603103183353715,0.779090648390887,16,0.4472970561571,-0.0808649584203095,0.17483936845344,0.0469872050165654,0.0603103183353715,-0.0808649584203095,0.17483936845344,0.779090648390887,0.4472970561571,16,"Technical information","no_significant_positive"
"Access to information (1= yes)","m_region","Asia",0.232727949208227,0.0778777365751108,2.98837587535389,16,0.00868756785373125,0.0676345227512923,0.397821375665161,0.232727949208227,0.0778777365751108,0.0676345227512923,0.397821375665161,2.98837587535389,0.00868756785373125,16,"Technical information","significant_positive"
"Access to information (1= yes)","m_region","Europe",0.0833317278067701,0.195412372194901,0.426440387938469,16,0.67546901843727,-0.330923995542597,0.497587451156137,0.0833317278067701,0.195412372194901,-0.330923995542597,0.497587451156137,0.426440387938469,0.67546901843727,16,"Technical information","no_significant_positive"
"Access to information (1= yes)","m_region","Northern America",0.00208308006558148,0.19971430733898,0.0104302996281874,16,0.991806923208173,-0.421292338392625,0.425458498523788,0.00208308006558148,0.19971430733898,-0.421292338392625,0.425458498523788,0.0104302996281874,0.991806923208173,16,"Technical information","no_significant_positive"
"On-farm income (continuous)","m_region","Africa",0.119949554343715,0.0702079811710682,1.70848886897128,16,0.106869102876516,-0.0288847169884585,0.268783825675889,0.119949554343715,0.0702079811710682,-0.0288847169884585,0.268783825675889,1.70848886897128,0.106869102876516,16,"Financial capital","no_significant_positive"
"On-farm income (continuous)","m_region","Asia",0.0877303000992919,0.15122393397739,0.580135020904882,16,0.569904087227532,-0.232850118908463,0.408310719107047,0.0877303000992919,0.15122393397739,-0.232850118908463,0.408310719107047,0.580135020904882,0.569904087227532,16,"Financial capital","no_significant_positive"
"On-farm income (continuous)","m_region","Northern America",0.0430380247985156,0.0713129807519362,0.603508987350064,16,0.554630302671909,-0.108138741000777,0.194214790597808,0.0430380247985156,0.0713129807519362,-0.108138741000777,0.194214790597808,0.603508987350064,0.554630302671909,16,"Financial capital","no_significant_positive"
"Awareness of practice (1= yes)","m_region","Africa",0.0341421782844778,0.0770092133288618,0.443351864129247,7,0.6708901784289,-0.147955675149031,0.216240031717987,0.0341421782844778,0.0770092133288618,-0.147955675149031,0.216240031717987,0.443351864129247,0.6708901784289,7,"Technical information","no_significant_positive"
"Awareness of practice (1= yes)","m_region","Asia",0.131688115349709,0.105238786671315,1.25132681129251,7,0.251011918924606,-0.117162071821481,0.380538302520899,0.131688115349709,0.105238786671315,-0.117162071821481,0.380538302520899,1.25132681129251,0.251011918924606,7,"Technical information","no_significant_positive"
"Awareness of practice (1= yes)","m_region","Europe",0.600267103875984,0.125967050983144,4.76527075287574,7,0.0020469103207936,0.302402360219617,0.898131847532351,0.600267103875984,0.125967050983144,0.302402360219617,0.898131847532351,4.76527075287574,0.0020469103207936,7,"Technical information","significant_positive"
"Awareness of practice (1= yes)","m_region","Latin America and the Caribbean",0.327993949410472,0.184777435355231,1.7750757757835,7,0.119149414451545,-0.108935255377625,0.764923154198569,0.327993949410472,0.184777435355231,-0.108935255377625,0.764923154198569,1.7750757757835,0.119149414451545,7,"Technical information","no_significant_positive"
"Farm size (continuous)","m_sub_region","Central America",0.0636586861167256,0.193032952523744,0.32978144552234,75,0.742484424150892,-0.320882674399238,0.44820004663269,0.0636586861167256,0.193032952523744,-0.320882674399238,0.44820004663269,0.32978144552234,0.742484424150892,75,"Physical capital","no_significant_positive"
"Farm size (continuous)","m_sub_region","Eastern Africa",0.035876915851439,0.0288753795911071,1.24247425867566,75,0.217932449497323,-0.0216457900296378,0.0933996217325158,0.035876915851439,0.0288753795911071,-0.0216457900296378,0.0933996217325158,1.24247425867566,0.217932449497323,75,"Physical capital","no_significant_positive"
"Farm size (continuous)","m_sub_region","Eastern Asia",0.0496461709837941,0.16069445637922,0.308947627083258,75,0.758217966638159,-0.270473601705469,0.369765943673057,0.0496461709837941,0.16069445637922,-0.270473601705469,0.369765943673057,0.308947627083258,0.758217966638159,75,"Physical capital","no_significant_positive"
"Farm size (continuous)","m_sub_region","Middle Africa",0.0455211203782721,0.153375029385754,0.296796164020819,75,0.767442536145708,-0.260017606031245,0.351059846787789,0.0455211203782721,0.153375029385754,-0.260017606031245,0.351059846787789,0.296796164020819,0.767442536145708,75,"Physical capital","no_significant_positive"
"Farm size (continuous)","m_sub_region","Northern Africa",-0.185413959227806,0.207921669678813,-0.891749087597385,75,0.375379522725894,-0.599615165258711,0.228787246803099,-0.185413959227806,0.207921669678813,-0.599615165258711,0.228787246803099,-0.891749087597385,0.375379522725894,75,"Physical capital","no_significant_negative"
"Farm size (continuous)","m_sub_region","Northern America",0.013510595709473,0.0599833400774755,0.225239136267211,75,0.822405842492327,-0.105982345263115,0.133003536682061,0.013510595709473,0.0599833400774755,-0.105982345263115,0.133003536682061,0.225239136267211,0.822405842492327,75,"Physical capital","no_significant_positive"
"Farm size (continuous)","m_sub_region","South-eastern Asia",0.123082497931088,0.0577541499896037,2.13114551860332,75,0.0363540492638087,0.00803033133423009,0.238134664527946,0.123082497931088,0.0577541499896037,0.00803033133423009,0.238134664527946,2.13114551860332,0.0363540492638087,75,"Physical capital","significant_positive"
"Farm size (continuous)","m_sub_region","South America",0.0087706813463193,0.202857269169203,0.0432357261942814,75,0.965628528791099,-0.395341721520663,0.412883084213301,0.0087706813463193,0.202857269169203,-0.395341721520663,0.412883084213301,0.0432357261942814,0.965628528791099,75,"Physical capital","no_significant_positive"
"Farm size (continuous)","m_sub_region","Southern Africa",0.0277461761556787,0.128922059245023,0.215216669033696,75,0.830182566152861,-0.229079735764737,0.284572088076094,0.0277461761556787,0.128922059245023,-0.229079735764737,0.284572088076094,0.215216669033696,0.830182566152861,75,"Physical capital","no_significant_positive"
"Farm size (continuous)","m_sub_region","Southern Asia",0.085163712416568,0.0592896610593736,1.43640072982174,75,0.155046652650023,-0.032947349089873,0.203274773923009,0.085163712416568,0.0592896610593736,-0.032947349089873,0.203274773923009,1.43640072982174,0.155046652650023,75,"Physical capital","no_significant_positive"
"Farm size (continuous)","m_sub_region","Southern Europe",-0.00500676481279072,0.129258886999548,-0.0387343952049364,75,0.969205071502241,-0.262503672028523,0.252490142402941,-0.00500676481279072,0.129258886999548,-0.262503672028523,0.252490142402941,-0.0387343952049364,0.969205071502241,75,"Physical capital","no_significant_negative"
"Farm size (continuous)","m_sub_region","Western Africa",-0.0300561276204542,0.0510222115885927,-0.589079279095264,75,0.557578303310862,-0.131697585228048,0.0715853299871394,-0.0300561276204542,0.0510222115885927,-0.131697585228048,0.0715853299871394,-0.589079279095264,0.557578303310862,75,"Physical capital","no_significant_negative"
"Farm size (continuous)","m_sub_region","Western Europe",-0.0393749615479079,0.199179245918815,-0.197686065966718,75,0.843825504107705,-0.436160366375321,0.357410443279505,-0.0393749615479079,0.199179245918815,-0.436160366375321,0.357410443279505,-0.197686065966718,0.843825504107705,75,"Physical capital","no_significant_negative"
"Livestock units (continuous)","m_sub_region","Eastern Africa",0.0185341046860544,0.0584917340859655,0.31686707490694,21,0.754473014653666,-0.103106115321249,0.140174324693358,0.0185341046860544,0.0584917340859655,-0.103106115321249,0.140174324693358,0.31686707490694,0.754473014653666,21,"Physical capital","no_significant_positive"
"Livestock units (continuous)","m_sub_region","Northern America",0.09342103031407,0.136660309751196,0.683600311488775,21,0.50170141026226,-0.19077964186929,0.377621702497431,0.09342103031407,0.136660309751196,-0.19077964186929,0.377621702497431,0.683600311488775,0.50170141026226,21,"Physical capital","no_significant_positive"
"Livestock units (continuous)","m_sub_region","South-eastern Asia",0.00619749963504322,0.166926437075875,0.0371271306307593,21,0.970734313826145,-0.34094502995901,0.353340029229097,0.00619749963504322,0.166926437075875,-0.34094502995901,0.353340029229097,0.0371271306307593,0.970734313826145,21,"Physical capital","no_significant_positive"
"Livestock units (continuous)","m_sub_region","Southern Africa",-0.103668020609462,0.256539775881077,-0.404101158400944,21,0.690224189010486,-0.637171690255087,0.429835649036163,-0.103668020609462,0.256539775881077,-0.637171690255087,0.429835649036163,-0.404101158400944,0.690224189010486,21,"Physical capital","no_significant_negative"
"Livestock units (continuous)","m_sub_region","Southern Asia",0.114133018350337,0.138736244472533,0.822661870257943,21,0.419944099817431,-0.174384796420266,0.40265083312094,0.114133018350337,0.138736244472533,-0.174384796420266,0.40265083312094,0.822661870257943,0.419944099817431,21,"Physical capital","no_significant_positive"
"Livestock units (continuous)","m_sub_region","Western Africa",0.0167150124920068,0.239439565428916,0.0698088992187428,21,0.945006261779751,-0.481226822749547,0.514656847733561,0.0167150124920068,0.239439565428916,-0.481226822749547,0.514656847733561,0.0698088992187428,0.945006261779751,21,"Physical capital","no_significant_positive"
"Adults in household (continuous)","m_sub_region","Eastern Africa",0.112136997416056,0.0900524299860744,1.24524121596049,9,0.244487679968612,-0.0915757521043256,0.315849746936438,0.112136997416056,0.0900524299860744,-0.0915757521043256,0.315849746936438,1.24524121596049,0.244487679968612,9,"Social capital","no_significant_positive"
"Adults in household (continuous)","m_sub_region","Eastern Asia",0.0153444023704731,0.187241397934828,0.081949838762761,9,0.936480192883196,-0.408225067140146,0.438913871881092,0.0153444023704731,0.187241397934828,-0.408225067140146,0.438913871881092,0.081949838762761,0.936480192883196,9,"Social capital","no_significant_positive"
"Adults in household (continuous)","m_sub_region","Eastern Europe",-0.110830822491716,0.216550837267618,-0.51180048015584,9,0.621111361412486,-0.600702850126606,0.379041205143174,-0.110830822491716,0.216550837267618,-0.600702850126606,0.379041205143174,-0.51180048015584,0.621111361412486,9,"Social capital","no_significant_negative"
"Adults in household (continuous)","m_sub_region","South-eastern Asia",-0.0695765258015084,0.100186401378498,-0.694470754954584,9,0.504917656664416,-0.296213911294853,0.157060859691837,-0.0695765258015084,0.100186401378498,-0.296213911294853,0.157060859691837,-0.694470754954584,0.504917656664416,9,"Social capital","no_significant_negative"
"Adults in household (continuous)","m_sub_region","South America",0.152143200602167,0.213593711890136,0.712301870948444,9,0.494328255589409,-0.331039344678761,0.635325745883095,0.152143200602167,0.213593711890136,-0.331039344678761,0.635325745883095,0.712301870948444,0.494328255589409,9,"Social capital","no_significant_positive"
"Adults in household (continuous)","m_sub_region","Southern Asia",0.490060799524364,0.142052548813974,3.44985573026307,9,0.00727637024530262,0.16871560873109,0.811405990317638,0.490060799524364,0.142052548813974,0.16871560873109,0.811405990317638,3.44985573026307,0.00727637024530262,9,"Social capital","significant_positive"
"Adults in household (continuous)","m_sub_region","Western Africa",0.0354922057387938,0.145173480485704,0.244481331025806,9,0.812340707852823,-0.292913022990287,0.363897434467874,0.0354922057387938,0.145173480485704,-0.292913022990287,0.363897434467874,0.244481331025806,0.812340707852823,9,"Social capital","no_significant_positive"
"Household size (continuous)","m_sub_region","Central America",0.0636586861167256,0.20529805103427,0.310079349492213,58,0.75761206035039,-0.347290012099513,0.474607384332964,0.0636586861167256,0.20529805103427,-0.347290012099513,0.474607384332964,0.310079349492213,0.75761206035039,58,"Socio-demographic","no_significant_positive"
"Household size (continuous)","m_sub_region","Eastern Africa",0.0211072444043944,0.0332761990369352,0.634304548454175,58,0.528376090682498,-0.0455023050137356,0.0877167938225244,0.0211072444043944,0.0332761990369352,-0.0455023050137356,0.0877167938225244,0.634304548454175,0.528376090682498,58,"Socio-demographic","no_significant_positive"
"Household size (continuous)","m_sub_region","Middle Africa",-0.000158881236446664,0.116201367847444,-0.00136729230808412,58,0.998913750903601,-0.232761190938268,0.232443428465375,-0.000158881236446664,0.116201367847444,-0.232761190938268,0.232443428465375,-0.00136729230808412,0.998913750903601,58,"Socio-demographic","no_significant_negative"
"Household size (continuous)","m_sub_region","Northern America",0.0487457253559185,0.201509590837828,0.241902755860133,58,0.809708784240123,-0.354619545847115,0.452110996558952,0.0487457253559185,0.201509590837828,-0.354619545847115,0.452110996558952,0.241902755860133,0.809708784240123,58,"Socio-demographic","no_significant_positive"
"Household size (continuous)","m_sub_region","South-eastern Asia",-0.0117956898336784,0.115317553165853,-0.102288762723863,58,0.918880303960005,-0.242628852234615,0.219037472567258,-0.0117956898336784,0.115317553165853,-0.242628852234615,0.219037472567258,-0.102288762723863,0.918880303960005,58,"Socio-demographic","no_significant_negative"
"Household size (continuous)","m_sub_region","Southern Africa",-0.11762847588147,0.216819247133548,-0.542518606796092,58,0.589539914652253,-0.5516393537679,0.31638240200496,-0.11762847588147,0.216819247133548,-0.5516393537679,0.31638240200496,-0.542518606796092,0.589539914652253,58,"Socio-demographic","no_significant_negative"
"Household size (continuous)","m_sub_region","Southern Asia",0.00359265559400173,0.0667667957164944,0.0538090162250244,58,0.957272242304232,-0.130055606752058,0.137240917940062,0.00359265559400173,0.0667667957164944,-0.130055606752058,0.137240917940062,0.0538090162250244,0.957272242304232,58,"Socio-demographic","no_significant_positive"
"Household size (continuous)","m_sub_region","Southern Europe",0.107430291281345,0.221156388977475,0.485766166548718,58,0.628963109161998,-0.335262319265291,0.550122901827981,0.107430291281345,0.221156388977475,-0.335262319265291,0.550122901827981,0.485766166548718,0.628963109161998,58,"Socio-demographic","no_significant_positive"
"Household size (continuous)","m_sub_region","Western Africa",0.0778753582408974,0.060591624953688,1.28524954233229,58,0.2038137018465,-0.0434119568216706,0.199162673303465,0.0778753582408974,0.060591624953688,-0.0434119568216706,0.199162673303465,1.28524954233229,0.2038137018465,58,"Socio-demographic","no_significant_positive"
"Association member (1= yes)","m_sub_region","Eastern Africa",0.121458013652325,0.0508924021764784,2.38656476130068,46,0.0211760936865196,0.0190169212928542,0.223899106011796,0.121458013652325,0.0508924021764784,0.0190169212928542,0.223899106011796,2.38656476130068,0.0211760936865196,46,"Social capital","significant_positive"
"Association member (1= yes)","m_sub_region","Eastern Asia",-0.04252329418877,0.157792958416769,-0.269487907543097,46,0.78875945007498,-0.360144045726361,0.275097457348821,-0.04252329418877,0.157792958416769,-0.360144045726361,0.275097457348821,-0.269487907543097,0.78875945007498,46,"Social capital","no_significant_negative"
"Association member (1= yes)","m_sub_region","Middle Africa",0.221413257002284,0.129795622201571,1.70586074666242,46,0.0947784608646026,-0.0398517796862665,0.482678293690835,0.221413257002284,0.129795622201571,-0.0398517796862665,0.482678293690835,1.70586074666242,0.0947784608646026,46,"Social capital","no_significant_positive"
"Association member (1= yes)","m_sub_region","Northern America",0.0200334923955481,0.160243392930605,0.125019147617673,46,0.901053162840426,-0.302519727990383,0.342586712781479,0.0200334923955481,0.160243392930605,-0.302519727990383,0.342586712781479,0.125019147617673,0.901053162840426,46,"Social capital","no_significant_positive"
"Association member (1= yes)","m_sub_region","South-eastern Asia",0.0293146841233361,0.0904755368558297,0.324006744166086,46,0.747401591727485,-0.152803125823636,0.211432494070308,0.0293146841233361,0.0904755368558297,-0.152803125823636,0.211432494070308,0.324006744166086,0.747401591727485,46,"Social capital","no_significant_positive"
"Association member (1= yes)","m_sub_region","South America",-0.0618202715714334,0.239761118691147,-0.257841104132769,46,0.797679596774846,-0.544434372176843,0.420793829033976,-0.0618202715714334,0.239761118691147,-0.544434372176843,0.420793829033976,-0.257841104132769,0.797679596774846,46,"Social capital","no_significant_negative"
"Association member (1= yes)","m_sub_region","Southern Africa",0.0762822288892672,0.21586349758707,0.353381788685686,46,0.725416671757003,-0.358228455371102,0.510792913149636,0.0762822288892672,0.21586349758707,-0.358228455371102,0.510792913149636,0.353381788685686,0.725416671757003,46,"Social capital","no_significant_positive"
"Association member (1= yes)","m_sub_region","Southern Asia",0.193803466013176,0.0862726896808751,2.24640574821603,46,0.0295214911755806,0.0201455486476008,0.367461383378751,0.193803466013176,0.0862726896808751,0.0201455486476008,0.367461383378751,2.24640574821603,0.0295214911755806,46,"Social capital","significant_positive"
"Association member (1= yes)","m_sub_region","Southern Europe",0.00926903988216233,0.163819317120796,0.0565808724213371,46,0.955124129600251,-0.320482142568275,0.339020222332599,0.00926903988216233,0.163819317120796,-0.320482142568275,0.339020222332599,0.0565808724213371,0.955124129600251,46,"Social capital","no_significant_positive"
"Association member (1= yes)","m_sub_region","Western Africa",-0.000238507578361943,0.062159671457764,-0.00383701478415958,46,0.996955104902702,-0.125359436685973,0.124882421529249,-0.000238507578361943,0.062159671457764,-0.125359436685973,0.124882421529249,-0.00383701478415958,0.996955104902702,46,"Social capital","no_significant_negative"
"Access to extension (1= yes)","m_sub_region","Central America",0.0636586861167256,0.219346170095065,0.290220185240234,39,0.773185401238508,-0.380010820479401,0.507328192712853,0.0636586861167256,0.219346170095065,-0.380010820479401,0.507328192712853,0.290220185240234,0.773185401238508,39,"Technical information","no_significant_positive"
"Access to extension (1= yes)","m_sub_region","Eastern Africa",0.0799088651409368,0.0522569528634412,1.52915278756792,39,0.134297819603943,-0.0257907989247348,0.185608529206608,0.0799088651409368,0.0522569528634412,-0.0257907989247348,0.185608529206608,1.52915278756792,0.134297819603943,39,"Technical information","no_significant_positive"
"Access to extension (1= yes)","m_sub_region","Eastern Asia",0.0848810816847442,0.208442607710673,0.407215600577032,39,0.686076171031291,-0.336733888280418,0.506496051649906,0.0848810816847442,0.208442607710673,-0.336733888280418,0.506496051649906,0.407215600577032,0.686076171031291,39,"Technical information","no_significant_positive"
"Access to extension (1= yes)","m_sub_region","Eastern Europe",0.00155814472716319,0.221707793247033,0.00702792041877869,39,0.994428404285686,-0.446888195574999,0.450004485029325,0.00155814472716319,0.221707793247033,-0.446888195574999,0.450004485029325,0.00702792041877869,0.994428404285686,39,"Technical information","no_significant_positive"
"Access to extension (1= yes)","m_sub_region","Middle Africa",0.124866269059451,0.122834116026811,1.01654388127966,39,0.315635597778181,-0.123589182098722,0.373321720217623,0.124866269059451,0.122834116026811,-0.123589182098722,0.373321720217623,1.01654388127966,0.315635597778181,39,"Technical information","no_significant_positive"
"Access to extension (1= yes)","m_sub_region","Northern America",0.0822176433534771,0.0975805339214482,0.842561933711717,39,0.4046111452793,-0.115157616581775,0.27959290328873,0.0822176433534771,0.0975805339214482,-0.115157616581775,0.27959290328873,0.842561933711717,0.4046111452793,39,"Technical information","no_significant_positive"
"Access to extension (1= yes)","m_sub_region","South-eastern Asia",0.0594953788657583,0.150957018621288,0.394121316180844,39,0.695638316329225,-0.245844012015341,0.364834769746858,0.0594953788657583,0.150957018621288,-0.245844012015341,0.364834769746858,0.394121316180844,0.695638316329225,39,"Technical information","no_significant_positive"
"Access to extension (1= yes)","m_sub_region","South America",-0.0618202715714334,0.218863541102355,-0.282460346113664,39,0.779084242602688,-0.50451356888626,0.380873025743393,-0.0618202715714334,0.218863541102355,-0.50451356888626,0.380873025743393,-0.282460346113664,0.779084242602688,39,"Technical information","no_significant_negative"
"Access to extension (1= yes)","m_sub_region","Southern Africa",-0.070011366261588,0.212070382567202,-0.330132691864232,39,0.743066572421561,-0.49896420348899,0.358941470965814,-0.070011366261588,0.212070382567202,-0.49896420348899,0.358941470965814,-0.330132691864232,0.743066572421561,39,"Technical information","no_significant_negative"
"Access to extension (1= yes)","m_sub_region","Southern Asia",0.178029505434508,0.0952969323419468,1.86815567992995,39,0.0692666892986325,-0.0147267343209057,0.370785745189921,0.178029505434508,0.0952969323419468,-0.0147267343209057,0.370785745189921,1.86815567992995,0.0692666892986325,39,"Technical information","no_significant_positive"
"Access to extension (1= yes)","m_sub_region","Southern Europe",0.107430291281345,0.234255418213666,0.458603229332169,39,0.649064658881636,-0.366396016108851,0.581256598671541,0.107430291281345,0.234255418213666,-0.366396016108851,0.581256598671541,0.458603229332169,0.649064658881636,39,"Technical information","no_significant_positive"
"Access to extension (1= yes)","m_sub_region","Western Africa",0.0617103863215367,0.0596054891166596,1.03531381481926,39,0.30689959275773,-0.0588530952990807,0.182273867942154,0.0617103863215367,0.0596054891166596,-0.0588530952990807,0.182273867942154,1.03531381481926,0.30689959275773,39,"Technical information","no_significant_positive"
"Distance farm-house (continuous)","m_sub_region","Eastern Africa",-0.0159097984739452,0.0102166943650202,-1.55723543305914,14,0.141726992020835,-0.0378224285425654,0.00600283159467505,-0.0159097984739452,0.0102166943650202,-0.0378224285425654,0.00600283159467505,-1.55723543305914,0.141726992020835,14,"Accessibility","no_significant_negative"
"Distance farm-house (continuous)","m_sub_region","Middle Africa",0.0915961969044275,0.038247885146887,2.39480422388485,14,0.0311775718264592,0.00956264200037509,0.17362975180848,0.0915961969044275,0.038247885146887,0.00956264200037509,0.17362975180848,2.39480422388485,0.0311775718264592,14,"Accessibility","significant_positive"
"Distance farm-house (continuous)","m_sub_region","South-eastern Asia",-0.0119307290404398,0.0211285652070149,-0.564672940331922,14,0.58123165923376,-0.0572469944312486,0.033385536350369,-0.0119307290404398,0.0211285652070149,-0.0572469944312486,0.033385536350369,-0.564672940331922,0.58123165923376,14,"Accessibility","no_significant_negative"
"Distance farm-house (continuous)","m_sub_region","Southern Asia",-0.0279266870350675,0.0249825400773604,-1.1178481831147,14,0.28244773168002,-0.0815089064233631,0.0256555323532282,-0.0279266870350675,0.0249825400773604,-0.0815089064233631,0.0256555323532282,-1.1178481831147,0.28244773168002,14,"Accessibility","no_significant_negative"
"Distance farm-house (continuous)","m_sub_region","Western Africa",-0.89496918118482,0.0381077882709744,-23.4852039908727,14,1.20630491234073e-12,-0.976702258174396,-0.813236104195244,-0.89496918118482,0.0381077882709744,-0.976702258174396,-0.813236104195244,-23.4852039908727,1.20630491234073e-12,14,"Accessibility","significant_negative"
"Distance market (continuous)","m_sub_region","Eastern Africa",0.0231136541883611,0.0656271037329345,0.352196773491951,17,0.729018971522227,-0.115347431595467,0.161574739972189,0.0231136541883611,0.0656271037329345,-0.115347431595467,0.161574739972189,0.352196773491951,0.729018971522227,17,"Accessibility","no_significant_positive"
"Distance market (continuous)","m_sub_region","Northern Africa",0.240388073927231,0.275982027533896,0.871028001624876,17,0.395873078531066,-0.341883106965806,0.822659254820268,0.240388073927231,0.275982027533896,-0.341883106965806,0.822659254820268,0.871028001624876,0.395873078531066,17,"Accessibility","no_significant_positive"
"Distance market (continuous)","m_sub_region","South-eastern Asia",0.27063733602045,0.270448237409482,1.00069920444954,17,0.331004215328445,-0.299958568263639,0.841233240304539,0.27063733602045,0.270448237409482,-0.299958568263639,0.841233240304539,1.00069920444954,0.331004215328445,17,"Accessibility","no_significant_positive"
"Distance market (continuous)","m_sub_region","Southern Asia",0.062401505636863,0.144908165648057,0.430627945345878,17,0.672149012287077,-0.243327999602659,0.368131010876385,0.062401505636863,0.144908165648057,-0.243327999602659,0.368131010876385,0.430627945345878,0.672149012287077,17,"Accessibility","no_significant_positive"
"Distance market (continuous)","m_sub_region","Western Africa",-0.190157100133112,0.145004263407819,-1.31138971823403,17,0.207162798278292,-0.496089353923174,0.115775153656949,-0.190157100133112,0.145004263407819,-0.496089353923174,0.115775153656949,-1.31138971823403,0.207162798278292,17,"Accessibility","no_significant_negative"
"Access to information (1= yes)","m_sub_region","Eastern Africa",0.0609995891218967,0.0700087398741072,0.871313913542636,14,0.39827848325527,-0.0891542241979887,0.211153402441782,0.0609995891218967,0.0700087398741072,-0.0891542241979887,0.211153402441782,0.871313913542636,0.39827848325527,14,"Technical information","no_significant_positive"
"Access to information (1= yes)","m_sub_region","Northern America",0.00208308006558148,0.196355033331666,0.0106087428992101,14,0.991685300575896,-0.419056581529833,0.423222741660996,0.00208308006558148,0.196355033331666,-0.419056581529833,0.423222741660996,0.0106087428992101,0.991685300575896,14,"Technical information","no_significant_positive"
"Access to information (1= yes)","m_sub_region","South-eastern Asia",0.101705050039213,0.116829463798144,0.870542812855304,14,0.398685340907405,-0.148869228671621,0.352279328750048,0.101705050039213,0.116829463798144,-0.148869228671621,0.352279328750048,0.870542812855304,0.398685340907405,14,"Technical information","no_significant_positive"
"Access to information (1= yes)","m_sub_region","Southern Asia",0.332648866462985,0.101442680265968,3.27918057360893,14,0.00548484862878744,0.115075956241834,0.550221776684135,0.332648866462985,0.101442680265968,0.115075956241834,0.550221776684135,3.27918057360893,0.00548484862878744,14,"Technical information","significant_positive"
"Access to information (1= yes)","m_sub_region","Southern Europe",0.0832558711324754,0.191664412640928,0.434383566491554,14,0.670630082194235,-0.327823409647373,0.494335151912324,0.0832558711324754,0.191664412640928,-0.327823409647373,0.494335151912324,0.434383566491554,0.670630082194235,14,"Technical information","no_significant_positive"
"Access to information (1= yes)","m_sub_region","Western Africa",0.0115864518232656,0.111294855186459,0.104105906817113,14,0.918562008097748,-0.227117272014393,0.250290175660924,0.0115864518232656,0.111294855186459,-0.227117272014393,0.250290175660924,0.104105906817113,0.918562008097748,14,"Technical information","no_significant_positive"
"On-farm income (continuous)","m_sub_region","Eastern Africa",0.14948341909173,0.0861906715406683,1.73433408070383,15,0.103354955220977,-0.0342276485951189,0.33319448677858,0.14948341909173,0.0861906715406683,-0.0342276485951189,0.33319448677858,1.73433408070383,0.103354955220977,15,"Financial capital","no_significant_positive"
"On-farm income (continuous)","m_sub_region","Northern America",0.0430013295556884,0.0722729224938565,0.594985342668877,15,0.560722510972634,-0.111044758250119,0.197047417361496,0.0430013295556884,0.0722729224938565,-0.111044758250119,0.197047417361496,0.594985342668877,0.560722510972634,15,"Financial capital","no_significant_positive"
"On-farm income (continuous)","m_sub_region","South-eastern Asia",0.0877367971871956,0.153098840858403,0.573072903068816,15,0.575086424332233,-0.238585657586176,0.414059251960567,0.0877367971871956,0.153098840858403,-0.238585657586176,0.414059251960567,0.573072903068816,0.575086424332233,15,"Financial capital","no_significant_positive"
"On-farm income (continuous)","m_sub_region","Western Africa",0.0565337459027673,0.125743912236345,0.449594297626974,15,0.659431509737802,-0.211483058690298,0.324550550495833,0.0565337459027673,0.125743912236345,-0.211483058690298,0.324550550495833,0.449594297626974,0.659431509737802,15,"Financial capital","no_significant_positive"
"Awareness of practice (1= yes)","m_sub_region","Eastern Africa",0.0281947372796979,0.0504938440418739,0.558379695875726,4,0.606362983552445,-0.111998648852984,0.16838812341238,0.0281947372796979,0.0504938440418739,-0.111998648852984,0.16838812341238,0.558379695875726,0.606362983552445,4,"Technical information","no_significant_positive"
"Awareness of practice (1= yes)","m_sub_region","Eastern Europe",0.885566975389259,0.0512121087762885,17.292140404874,4,6.56349389211328e-05,0.743379366650476,1.02775458412804,0.885566975389259,0.0512121087762885,0.743379366650476,1.02775458412804,17.292140404874,6.56349389211328e-05,4,"Technical information","significant_positive"
"Awareness of practice (1= yes)","m_sub_region","South-eastern Asia",0.0735876034287329,0.0897416251088765,0.819994103510549,4,0.458269236113006,-0.175575092337303,0.322750299194768,0.0735876034287329,0.0897416251088765,-0.175575092337303,0.322750299194768,0.819994103510549,0.458269236113006,4,"Technical information","no_significant_positive"
"Awareness of practice (1= yes)","m_sub_region","South America",0.327993949410472,0.0927412170223543,3.53665780913154,4,0.0240857341912557,0.07050305135867,0.585484847462274,0.327993949410472,0.0927412170223543,0.07050305135867,0.585484847462274,3.53665780913154,0.0240857341912557,4,"Technical information","significant_positive"
"Awareness of practice (1= yes)","m_sub_region","Southern Asia",0.15235667684839,0.0594595304076177,2.5623592349944,4,0.0624818139123062,-0.0127294453092,0.317442799005979,0.15235667684839,0.0594595304076177,-0.0127294453092,0.317442799005979,2.5623592349944,0.0624818139123062,4,"Technical information","no_significant_positive"
"Awareness of practice (1= yes)","m_sub_region","Southern Europe",0.217721662165514,0.109266327673446,1.99257783071284,4,0.117105152446065,-0.0856502984663648,0.521093622797393,0.217721662165514,0.109266327673446,-0.0856502984663648,0.521093622797393,1.99257783071284,0.117105152446065,4,"Technical information","no_significant_positive"
"Awareness of practice (1= yes)","m_sub_region","Western Africa",0.0182810936965498,0.0328280102997437,0.556874861730275,4,0.60729896631059,-0.0728640748135563,0.109426262206656,0.0182810936965498,0.0328280102997437,-0.0728640748135563,0.109426262206656,0.556874861730275,0.60729896631059,4,"Technical information","no_significant_positive"
"Farm size (continuous)","m_intervention_recla2","Agro-aquaculture",0.20298629975614,0.124887346912359,1.62535520831095,80,0.108020275553558,-0.0455474411116605,0.451520040623941,0.20298629975614,0.124887346912359,-0.0455474411116605,0.451520040623941,1.62535520831095,0.108020275553558,80,"Physical capital","no_significant_positive"
"Farm size (continuous)","m_intervention_recla2","Agro-silvopasture",0.0452666004785631,0.0757930345432015,0.597239584763709,129,0.551394297145496,-0.104691774648694,0.19522497560582,0.0452666004785631,0.0757930345432015,-0.104691774648694,0.19522497560582,0.597239584763709,0.551394297145496,129,"Physical capital","no_significant_positive"
"Farm size (continuous)","m_intervention_recla2","Agroforestry",0.0689241777353961,0.0296267546916831,2.32641672882061,129,0.0215554069208758,0.0103069179748534,0.127541437495939,0.0689241777353961,0.0296267546916831,0.0103069179748534,0.127541437495939,2.32641672882061,0.0215554069208758,129,"Physical capital","significant_positive"
"Farm size (continuous)","m_intervention_recla2","Combined systems",0.0322778176965749,0.0623826876383059,0.5174162723434,129,0.60575171008959,-0.0911478576401128,0.155703493033263,0.0322778176965749,0.0623826876383059,-0.0911478576401128,0.155703493033263,0.5174162723434,0.60575171008959,129,"Physical capital","no_significant_positive"
"Farm size (continuous)","m_intervention_recla2","Cover crops",-0.0543769999919782,0.052408150471518,-1.03756762073735,129,0.301412356683207,-0.158067809253006,0.0493138092690498,-0.0543769999919782,0.052408150471518,-0.158067809253006,0.0493138092690498,-1.03756762073735,0.301412356683207,129,"Physical capital","no_significant_negative"
"Farm size (continuous)","m_intervention_recla2","Crop rotation",0.0204966314113052,0.0344197775033618,0.595489944968508,129,0.552559299555607,-0.0476037413703624,0.0885970041929728,0.0204966314113052,0.0344197775033618,-0.0476037413703624,0.0885970041929728,0.595489944968508,0.552559299555607,129,"Physical capital","no_significant_positive"
"Farm size (continuous)","m_intervention_recla2","Embedded seminatural habitats",0.0280252279825784,0.0559411376025505,0.500977083835718,129,0.61724100710555,-0.0826556828452784,0.138706138810435,0.0280252279825784,0.0559411376025505,-0.0826556828452784,0.138706138810435,0.500977083835718,0.61724100710555,129,"Physical capital","no_significant_positive"
"Farm size (continuous)","m_intervention_recla2","Fallow",0.084299052418459,0.0842679405894461,1.00036920125015,129,0.319004661429132,-0.0824271318842782,0.251025236721196,0.084299052418459,0.0842679405894461,-0.0824271318842782,0.251025236721196,1.00036920125015,0.319004661429132,129,"Physical capital","no_significant_positive"
"Farm size (continuous)","m_intervention_recla2","Intercropping",-0.000361188245463163,0.0418347889416587,-0.00863368155070325,129,0.993124741960272,-0.0831323427624,0.0824099662714737,-0.000361188245463163,0.0418347889416587,-0.0831323427624,0.0824099662714737,-0.00863368155070325,0.993124741960272,129,"Physical capital","no_significant_negative"
"Livestock units (continuous)","m_intervention_recla2","Agro-silvopasture",0.11119135394281,0.0837227350476299,1.32809031954765,45,0.190845337328598,-0.0574348904429948,0.279817598328614,0.11119135394281,0.0837227350476299,-0.0574348904429948,0.279817598328614,1.32809031954765,0.190845337328598,45,"Physical capital","no_significant_positive"
"Livestock units (continuous)","m_intervention_recla2","Agroforestry",-0.0105382985872356,0.0502018516723126,-0.209918523643774,45,0.834678805411526,-0.111650018168534,0.0905734209940628,-0.0105382985872356,0.0502018516723126,-0.111650018168534,0.0905734209940628,-0.209918523643774,0.834678805411526,45,"Physical capital","no_significant_negative"
"Livestock units (continuous)","m_intervention_recla2","Combined systems",-0.015249950001678,0.0743388145573538,-0.20514115126106,45,0.838386984621037,-0.164976008327029,0.134476108323673,-0.015249950001678,0.0743388145573538,-0.164976008327029,0.134476108323673,-0.20514115126106,0.838386984621037,45,"Physical capital","no_significant_negative"
"Livestock units (continuous)","m_intervention_recla2","Cover crops",0.121162452185936,0.0932129226300309,1.29984608107224,45,0.200272885093368,-0.0665780111706976,0.308902915542569,0.121162452185936,0.0932129226300309,-0.0665780111706976,0.308902915542569,1.29984608107224,0.200272885093368,45,"Physical capital","no_significant_positive"
"Livestock units (continuous)","m_intervention_recla2","Crop rotation",0.023385229571843,0.0492010422408041,0.475299475514948,45,0.636872576198014,-0.0757107563418302,0.122481215485516,0.023385229571843,0.0492010422408041,-0.0757107563418302,0.122481215485516,0.475299475514948,0.636872576198014,45,"Physical capital","no_significant_positive"
"Livestock units (continuous)","m_intervention_recla2","Embedded seminatural habitats",0.166769419520702,0.0592960588095193,2.81248742106835,45,0.00725996473117132,0.0473410265251716,0.286197812516233,0.166769419520702,0.0592960588095193,0.0473410265251716,0.286197812516233,2.81248742106835,0.00725996473117132,45,"Physical capital","significant_positive"
"Livestock units (continuous)","m_intervention_recla2","Fallow",0.0432249334352924,0.0584799912339238,0.739140559416124,45,0.463659892594484,-0.0745598150906756,0.16100968196126,0.0432249334352924,0.0584799912339238,-0.0745598150906756,0.16100968196126,0.739140559416124,0.463659892594484,45,"Physical capital","no_significant_positive"
"Livestock units (continuous)","m_intervention_recla2","Intercropping",0.0563266450163655,0.0507922246743163,1.10896195977901,45,0.273338231796069,-0.0459741468289722,0.158627436861703,0.0563266450163655,0.0507922246743163,-0.0459741468289722,0.158627436861703,1.10896195977901,0.273338231796069,45,"Physical capital","no_significant_positive"
"Livestock units (continuous)","m_intervention_recla2","Rotational grazing",0.108837466367798,0.0774532467624364,1.40520211762875,45,0.166827488953776,-0.0471613804162498,0.264836313151845,0.108837466367798,0.0774532467624364,-0.0471613804162498,0.264836313151845,1.40520211762875,0.166827488953776,45,"Physical capital","no_significant_positive"
"Adults in household (continuous)","m_intervention_recla2","Agro-aquaculture",-0.263442831270321,0.282510923341314,-0.932504938763177,7,0.382113657482489,-0.931475011943061,0.40458934940242,-0.263442831270321,0.282510923341314,-0.931475011943061,0.40458934940242,-0.932504938763177,0.382113657482489,7,"Social capital","no_significant_negative"
"Adults in household (continuous)","m_intervention_recla2","Agro-silvopasture",-0.0700484420092101,0.121744457138444,-0.57537274103209,15,0.573569870125405,-0.329540609851367,0.189443725832947,-0.0700484420092101,0.121744457138444,-0.329540609851367,0.189443725832947,-0.57537274103209,0.573569870125405,15,"Social capital","no_significant_negative"
"Adults in household (continuous)","m_intervention_recla2","Agroforestry",0.115741841767242,0.106201388657464,1.08983360039245,15,0.29298549716174,-0.110621059824528,0.342104743359011,0.115741841767242,0.106201388657464,-0.110621059824528,0.342104743359011,1.08983360039245,0.29298549716174,15,"Social capital","no_significant_positive"
"Adults in household (continuous)","m_intervention_recla2","Combined systems",-0.0218777924969991,0.272628118200258,-0.0802477478897788,7,0.938286293248817,-0.666540852459434,0.622785267465436,-0.0218777924969991,0.272628118200258,-0.666540852459434,0.622785267465436,-0.0802477478897788,0.938286293248817,7,"Social capital","no_significant_negative"
"Adults in household (continuous)","m_intervention_recla2","Crop rotation",0.331595268505804,0.114010306479488,2.90846747759128,15,0.0108074652845635,0.0885880525709691,0.574602484440639,0.331595268505804,0.114010306479488,0.0885880525709691,0.574602484440639,2.90846747759128,0.0108074652845635,15,"Social capital","significant_positive"
"Adults in household (continuous)","m_intervention_recla2","Embedded seminatural habitats",0.0138784208780473,0.119458006912414,0.116178239004297,15,0.909052426117447,-0.240740293668894,0.268497135424988,0.0138784208780473,0.119458006912414,-0.240740293668894,0.268497135424988,0.116178239004297,0.909052426117447,15,"Social capital","no_significant_positive"
"Adults in household (continuous)","m_intervention_recla2","Fallow",0.214186601102693,0.124082827384452,1.72615828972906,15,0.104851174801459,-0.0502896849376702,0.478662887143055,0.214186601102693,0.124082827384452,-0.0502896849376702,0.478662887143055,1.72615828972906,0.104851174801459,15,"Social capital","no_significant_positive"
"Adults in household (continuous)","m_intervention_recla2","Intercropping",-0.0577247726780661,0.113995200908651,-0.506378972254483,15,0.619951871577255,-0.300699791850806,0.185250246494674,-0.0577247726780661,0.113995200908651,-0.300699791850806,0.185250246494674,-0.506378972254483,0.619951871577255,15,"Social capital","no_significant_negative"
"Adults in household (continuous)","m_intervention_recla2","Rotational grazing",0.152143200602167,0.278717294984313,0.545869249379483,7,0.602109804450821,-0.50691847445608,0.811204875660414,0.152143200602167,0.278717294984313,-0.50691847445608,0.811204875660414,0.545869249379483,0.602109804450821,7,"Social capital","no_significant_positive"
"Household size (continuous)","m_intervention_recla2","Agro-aquaculture",-0.0286651824856408,0.193575637472213,-0.148082593760052,59,0.882782522314715,-0.41600913837803,0.358678773406748,-0.0286651824856408,0.193575637472213,-0.41600913837803,0.358678773406748,-0.148082593760052,0.882782522314715,59,"Socio-demographic","no_significant_negative"
"Household size (continuous)","m_intervention_recla2","Agro-silvopasture",0.017492835357746,0.0563600120529051,0.310376714279718,99,0.756926969648029,-0.0943376559492432,0.129323326664735,0.017492835357746,0.0563600120529051,-0.0943376559492432,0.129323326664735,0.310376714279718,0.756926969648029,99,"Socio-demographic","no_significant_positive"
"Household size (continuous)","m_intervention_recla2","Agroforestry",0.0403985146818221,0.026341512534271,1.53364445679657,99,0.128306767084273,-0.0118687610191046,0.0926657903827487,0.0403985146818221,0.026341512534271,-0.0118687610191046,0.0926657903827487,1.53364445679657,0.128306767084273,99,"Socio-demographic","no_significant_positive"
"Household size (continuous)","m_intervention_recla2","Combined systems",-0.00757308295558408,0.0501933906008043,-0.150878091018277,99,0.880378883978094,-0.107167659443298,0.0920214935321303,-0.00757308295558408,0.0501933906008043,-0.107167659443298,0.0920214935321303,-0.150878091018277,0.880378883978094,99,"Socio-demographic","no_significant_negative"
"Household size (continuous)","m_intervention_recla2","Cover crops",0.0983890376439052,0.0392365596705224,2.5075857432481,99,0.0137823210051324,0.0205351908237227,0.176242884464088,0.0983890376439052,0.0392365596705224,0.0205351908237227,0.176242884464088,2.5075857432481,0.0137823210051324,99,"Socio-demographic","significant_positive"
"Household size (continuous)","m_intervention_recla2","Crop rotation",0.0130353439556678,0.0287772982277673,0.45297316838069,99,0.651559254954612,-0.0440650590087258,0.0701357469200613,0.0130353439556678,0.0287772982277673,-0.0440650590087258,0.0701357469200613,0.45297316838069,0.651559254954612,99,"Socio-demographic","no_significant_positive"
"Household size (continuous)","m_intervention_recla2","Embedded seminatural habitats",0.0207952291727324,0.0402313633952573,0.516890987969446,99,0.606385098814361,-0.0590325240615705,0.100622982407035,0.0207952291727324,0.0402313633952573,-0.0590325240615705,0.100622982407035,0.516890987969446,0.606385098814361,99,"Socio-demographic","no_significant_positive"
"Household size (continuous)","m_intervention_recla2","Fallow",-0.00532331316842565,0.039382259996751,-0.135170332247688,99,0.89275165095298,-0.0834662610457626,0.0728196347089112,-0.00532331316842565,0.039382259996751,-0.0834662610457626,0.0728196347089112,-0.135170332247688,0.89275165095298,99,"Socio-demographic","no_significant_negative"
"Household size (continuous)","m_intervention_recla2","Intercropping",0.0240164672299808,0.0288177329285629,0.833391970475814,99,0.406629883884591,-0.0331641669531638,0.0811971014131253,0.0240164672299808,0.0288177329285629,-0.0331641669531638,0.0811971014131253,0.833391970475814,0.406629883884591,99,"Socio-demographic","no_significant_positive"
"Association member (1= yes)","m_intervention_recla2","Agro-silvopasture",0.0347821759524528,0.0920997489451618,0.377657663031882,90,0.706574091124919,-0.148190050482109,0.217754402387014,0.0347821759524528,0.0920997489451618,-0.148190050482109,0.217754402387014,0.377657663031882,0.706574091124919,90,"Social capital","no_significant_positive"
"Association member (1= yes)","m_intervention_recla2","Agroforestry",0.186101862303535,0.0447721185556558,4.15664633051022,90,7.34927037005012e-05,0.0971542342356429,0.275049490371427,0.186101862303535,0.0447721185556558,0.0971542342356429,0.275049490371427,4.15664633051022,7.34927037005012e-05,90,"Social capital","significant_positive"
"Association member (1= yes)","m_intervention_recla2","Combined systems",0.0888398149790781,0.0926461702045642,0.9589151368364,90,0.34017049483308,-0.0952179726600376,0.272897602618194,0.0888398149790781,0.0926461702045642,-0.0952179726600376,0.272897602618194,0.9589151368364,0.34017049483308,90,"Social capital","no_significant_positive"
"Association member (1= yes)","m_intervention_recla2","Cover crops",-0.0978805887921724,0.0760466164795624,-1.28711300151635,90,0.201355341467563,-0.248960465658783,0.0531992880744378,-0.0978805887921724,0.0760466164795624,-0.248960465658783,0.0531992880744378,-1.28711300151635,0.201355341467563,90,"Social capital","no_significant_negative"
"Association member (1= yes)","m_intervention_recla2","Crop rotation",0.077861245043643,0.0445636515624958,1.7471917653438,90,0.0840151917987619,-0.0106722269563612,0.166394717043647,0.077861245043643,0.0445636515624958,-0.0106722269563612,0.166394717043647,1.7471917653438,0.0840151917987619,90,"Social capital","no_significant_positive"
"Association member (1= yes)","m_intervention_recla2","Embedded seminatural habitats",0.0265370677953916,0.103301053454173,0.256890582506635,90,0.797849605417995,-0.178688505129893,0.231762640720676,0.0265370677953916,0.103301053454173,-0.178688505129893,0.231762640720676,0.256890582506635,0.797849605417995,90,"Social capital","no_significant_positive"
"Association member (1= yes)","m_intervention_recla2","Fallow",0.0410086055227203,0.0713288169295381,0.574923394050269,90,0.566777572642955,-0.100698539089713,0.182715750135154,0.0410086055227203,0.0713288169295381,-0.100698539089713,0.182715750135154,0.574923394050269,0.566777572642955,90,"Social capital","no_significant_positive"
"Association member (1= yes)","m_intervention_recla2","Intercropping",0.0198889935339478,0.0491746020480959,0.404456624061646,90,0.686836563421508,-0.0778049364042437,0.117582923472139,0.0198889935339478,0.0491746020480959,-0.0778049364042437,0.117582923472139,0.404456624061646,0.686836563421508,90,"Social capital","no_significant_positive"
"Association member (1= yes)","m_intervention_recla2","Rotational grazing",-0.0618202715714334,0.232752623962151,-0.265605046761948,48,0.791680867738405,-0.529800787237978,0.406160244095111,-0.0618202715714334,0.232752623962151,-0.529800787237978,0.406160244095111,-0.265605046761948,0.791680867738405,48,"Social capital","no_significant_negative"
"Access to extension (1= yes)","m_intervention_recla2","Agro-aquaculture",0.209772586536828,0.200427506023604,1.04662573864549,42,0.301258406880522,-0.19470649611094,0.614251669184596,0.209772586536828,0.200427506023604,-0.19470649611094,0.614251669184596,1.04662573864549,0.301258406880522,42,"Technical information","no_significant_positive"
"Access to extension (1= yes)","m_intervention_recla2","Agro-silvopasture",0.0665171920557071,0.057167257063846,1.16355402501503,70,0.248555659723886,-0.0474993070105908,0.180533691122005,0.0665171920557071,0.057167257063846,-0.0474993070105908,0.180533691122005,1.16355402501503,0.248555659723886,70,"Technical information","no_significant_positive"
"Access to extension (1= yes)","m_intervention_recla2","Agroforestry",0.119024812249915,0.0397751097076731,2.99244459976823,70,0.0038205712280565,0.0396958573241615,0.198353767175669,0.119024812249915,0.0397751097076731,0.0396958573241615,0.198353767175669,2.99244459976823,0.0038205712280565,70,"Technical information","significant_positive"
"Access to extension (1= yes)","m_intervention_recla2","Combined systems",0.138128564195952,0.0896682451768739,1.54044014046989,42,0.130954348242189,-0.0428292807193353,0.319086409111239,0.138128564195952,0.0896682451768739,-0.0428292807193353,0.319086409111239,1.54044014046989,0.130954348242189,42,"Technical information","no_significant_positive"
"Access to extension (1= yes)","m_intervention_recla2","Cover crops",0.162731395320962,0.0763005946872526,2.13276706410977,70,0.0364524883382148,0.0105546576264936,0.31490813301543,0.162731395320962,0.0763005946872526,0.0105546576264936,0.31490813301543,2.13276706410977,0.0364524883382148,70,"Technical information","significant_positive"
"Access to extension (1= yes)","m_intervention_recla2","Crop rotation",0.0333142584833051,0.0397367679914931,0.838373631454806,70,0.404674608994234,-0.04593822630077,0.11256674326738,0.0333142584833051,0.0397367679914931,-0.04593822630077,0.11256674326738,0.838373631454806,0.404674608994234,70,"Technical information","no_significant_positive"
"Access to extension (1= yes)","m_intervention_recla2","Embedded seminatural habitats",0.0133719486109295,0.0606317774987934,0.220543569107728,70,0.826089826788006,-0.107554318585317,0.134298215807176,0.0133719486109295,0.0606317774987934,-0.107554318585317,0.134298215807176,0.220543569107728,0.826089826788006,70,"Technical information","no_significant_positive"
"Access to extension (1= yes)","m_intervention_recla2","Fallow",0.0361916103312917,0.0496991407027396,0.728214005706072,70,0.46891167806015,-0.0629302003093901,0.135313420971973,0.0361916103312917,0.0496991407027396,-0.0629302003093901,0.135313420971973,0.728214005706072,0.46891167806015,70,"Technical information","no_significant_positive"
"Access to extension (1= yes)","m_intervention_recla2","Intercropping",0.0478891652435315,0.03668625626382,1.30537073336534,70,0.196041004249159,-0.0252792657409793,0.121057596228042,0.0478891652435315,0.03668625626382,-0.0252792657409793,0.121057596228042,1.30537073336534,0.196041004249159,70,"Technical information","no_significant_positive"
"Access to extension (1= yes)","m_intervention_recla2","Rotational grazing",0.0502018465917192,0.0831970679891398,0.603408843665889,70,0.548187050146817,-0.115729473396372,0.21613316657981,0.0502018465917192,0.0831970679891398,-0.115729473396372,0.21613316657981,0.603408843665889,0.548187050146817,70,"Technical information","no_significant_positive"
"Distance farm-house (continuous)","m_intervention_recla2","Agroforestry",-0.198630137343368,0.0730117869939268,-2.72052151469584,27,0.0112628978407925,-0.348437949960265,-0.0488223247264706,-0.198630137343368,0.0730117869939268,-0.348437949960265,-0.0488223247264706,-2.72052151469584,0.0112628978407925,27,"Accessibility","significant_negative"
"Distance farm-house (continuous)","m_intervention_recla2","Combined systems",-0.00910950099351162,0.111030659735993,-0.0820449145773971,13,0.935860774182624,-0.248976658193537,0.230757656206514,-0.00910950099351162,0.111030659735993,-0.248976658193537,0.230757656206514,-0.0820449145773971,0.935860774182624,13,"Accessibility","no_significant_negative"
"Distance farm-house (continuous)","m_intervention_recla2","Cover crops",-0.234343458941215,0.0934269151436971,-2.50830778882915,27,0.018441371586903,-0.426039654493667,-0.0426472633887632,-0.234343458941215,0.0934269151436971,-0.426039654493667,-0.0426472633887632,-2.50830778882915,0.018441371586903,27,"Accessibility","significant_negative"
"Distance farm-house (continuous)","m_intervention_recla2","Crop rotation",-0.0124739070383829,0.0595045126779821,-0.209629597437213,27,0.835530521544219,-0.134567082019355,0.109619267942589,-0.0124739070383829,0.0595045126779821,-0.134567082019355,0.109619267942589,-0.209629597437213,0.835530521544219,27,"Accessibility","no_significant_negative"
"Distance farm-house (continuous)","m_intervention_recla2","Fallow",-0.0213975122735093,0.0658648243310143,-0.324870103136883,27,0.747783237508702,-0.156540968798498,0.113745944251479,-0.0213975122735093,0.0658648243310143,-0.156540968798498,0.113745944251479,-0.324870103136883,0.747783237508702,27,"Accessibility","no_significant_negative"
"Distance farm-house (continuous)","m_intervention_recla2","Intercropping",-0.100242367527892,0.0589949965649624,-1.69916727459269,27,0.10078310746348,-0.221290101799532,0.0208053667437471,-0.100242367527892,0.0589949965649624,-0.221290101799532,0.0208053667437471,-1.69916727459269,0.10078310746348,27,"Accessibility","no_significant_negative"
"Distance market (continuous)","m_intervention_recla2","Agro-silvopasture",0.149536465524553,0.162862962844061,0.918173554706435,16,0.372162427362216,-0.195717592455446,0.494790523504552,0.149536465524553,0.162862962844061,-0.195717592455446,0.494790523504552,0.918173554706435,0.372162427362216,16,"Accessibility","no_significant_positive"
"Distance market (continuous)","m_intervention_recla2","Agroforestry",0.0502563977640561,0.0737483690990012,0.681457751243162,29,0.500988098575829,-0.100575952776165,0.201088748304277,0.0502563977640561,0.0737483690990012,-0.100575952776165,0.201088748304277,0.681457751243162,0.500988098575829,29,"Accessibility","no_significant_positive"
"Distance market (continuous)","m_intervention_recla2","Combined systems",0.00696107380721063,0.10464283650034,0.0665222201539617,29,0.947418571114442,-0.207057557240131,0.220979704854552,0.00696107380721063,0.10464283650034,-0.207057557240131,0.220979704854552,0.0665222201539617,0.947418571114442,29,"Accessibility","no_significant_positive"
"Distance market (continuous)","m_intervention_recla2","Crop rotation",0.0964728588729149,0.0701401958453687,1.37542899203759,29,0.179530802371492,-0.0469799487750264,0.239925666520856,0.0964728588729149,0.0701401958453687,-0.0469799487750264,0.239925666520856,1.37542899203759,0.179530802371492,29,"Accessibility","no_significant_positive"
"Distance market (continuous)","m_intervention_recla2","Embedded seminatural habitats",0.391571504415956,0.181020594349465,2.16313235421168,29,0.0389121474102684,0.0213428190159499,0.761800189815963,0.391571504415956,0.181020594349465,0.0213428190159499,0.761800189815963,2.16313235421168,0.0389121474102684,29,"Accessibility","significant_positive"
"Distance market (continuous)","m_intervention_recla2","Intercropping",-0.162375229870184,0.0710723122687662,-2.28464819402734,29,0.029836148339908,-0.307734429657177,-0.0170160300831915,-0.162375229870184,0.0710723122687662,-0.307734429657177,-0.0170160300831915,-2.28464819402734,0.029836148339908,29,"Accessibility","significant_negative"
"Access to information (1= yes)","m_intervention_recla2","Agro-silvopasture",-0.0257543463120231,0.147997487156592,-0.174018808067823,13,0.86453133708121,-0.345483478800379,0.293974786176333,-0.0257543463120231,0.147997487156592,-0.345483478800379,0.293974786176333,-0.174018808067823,0.86453133708121,13,"Technical information","no_significant_negative"
"Access to information (1= yes)","m_intervention_recla2","Agroforestry",0.130518517912212,0.0623752797517465,2.09247186436158,23,0.0476265344875223,0.00148542075174482,0.25955161507268,0.130518517912212,0.0623752797517465,0.00148542075174482,0.25955161507268,2.09247186436158,0.0476265344875223,23,"Technical information","significant_positive"
"Access to information (1= yes)","m_intervention_recla2","Combined systems",0.0818617357191513,0.0841924397872238,0.97231694349323,23,0.341008346949606,-0.0923035955864368,0.256027067024739,0.0818617357191513,0.0841924397872238,-0.0923035955864368,0.256027067024739,0.97231694349323,0.341008346949606,23,"Technical information","no_significant_positive"
"Access to information (1= yes)","m_intervention_recla2","Cover crops",0.0189685767825747,0.119476239346215,0.158764427859235,23,0.875240304238021,-0.22818685500522,0.26612400857037,0.0189685767825747,0.119476239346215,-0.22818685500522,0.26612400857037,0.158764427859235,0.875240304238021,23,"Technical information","no_significant_positive"
"Access to information (1= yes)","m_intervention_recla2","Crop rotation",0.149110067038004,0.0614807110599414,2.42531461441016,23,0.0235518489718446,0.0219275262098817,0.276292607866126,0.149110067038004,0.0614807110599414,0.0219275262098817,0.276292607866126,2.42531461441016,0.0235518489718446,23,"Technical information","significant_positive"
"Access to information (1= yes)","m_intervention_recla2","Fallow",-0.0215166147517275,0.131205306939987,-0.163991954697146,23,0.871170073421778,-0.292935471480499,0.249902241977044,-0.0215166147517275,0.131205306939987,-0.292935471480499,0.249902241977044,-0.163991954697146,0.871170073421778,23,"Technical information","no_significant_negative"
"Access to information (1= yes)","m_intervention_recla2","Intercropping",0.211047151446724,0.0724716710709876,2.91213309045956,23,0.00784720491063733,0.061128077545939,0.360966225347508,0.211047151446724,0.0724716710709876,0.061128077545939,0.360966225347508,2.91213309045956,0.00784720491063733,23,"Technical information","significant_positive"
"On-farm income (continuous)","m_intervention_recla2","Agro-silvopasture",0.0739087365100504,0.109972916329218,0.672063076774243,25,0.507707511162242,-0.152584724428686,0.300402197448787,0.0739087365100504,0.109972916329218,-0.152584724428686,0.300402197448787,0.672063076774243,0.507707511162242,25,"Financial capital","no_significant_positive"
"On-farm income (continuous)","m_intervention_recla2","Agroforestry",0.0949274799637924,0.0715352876744497,1.32700214187714,25,0.19650119632262,-0.0524022028840345,0.242257162811619,0.0949274799637924,0.0715352876744497,-0.0524022028840345,0.242257162811619,1.32700214187714,0.19650119632262,25,"Financial capital","no_significant_positive"
"On-farm income (continuous)","m_intervention_recla2","Combined systems",0.0218309862149827,0.230499421410932,0.0947116746816584,11,0.926247112455062,-0.485494819720188,0.529156792150153,0.0218309862149827,0.230499421410932,-0.485494819720188,0.529156792150153,0.0947116746816584,0.926247112455062,11,"Financial capital","no_significant_positive"
"On-farm income (continuous)","m_intervention_recla2","Cover crops",0.0702541465726911,0.0920279050391517,0.763400476657625,25,0.452369063757231,-0.119280871784561,0.259789164929944,0.0702541465726911,0.0920279050391517,-0.119280871784561,0.259789164929944,0.763400476657625,0.452369063757231,25,"Financial capital","no_significant_positive"
"On-farm income (continuous)","m_intervention_recla2","Crop rotation",0.0633599040775709,0.0877014814461111,0.722449644325597,25,0.476722430496525,-0.117264678094273,0.243984486249415,0.0633599040775709,0.0877014814461111,-0.117264678094273,0.243984486249415,0.722449644325597,0.476722430496525,25,"Financial capital","no_significant_positive"
"On-farm income (continuous)","m_intervention_recla2","Embedded seminatural habitats",0.1462530223639,0.0791783509914094,1.84713397706108,25,0.076596594070404,-0.01681784404634,0.30932388877414,0.1462530223639,0.0791783509914094,-0.01681784404634,0.30932388877414,1.84713397706108,0.076596594070404,25,"Financial capital","no_significant_positive"
"On-farm income (continuous)","m_intervention_recla2","Intercropping",-0.0285825618223386,0.0995123181248891,-0.287226369166349,25,0.77630632192572,-0.233532017474398,0.176366893829721,-0.0285825618223386,0.0995123181248891,-0.233532017474398,0.176366893829721,-0.287226369166349,0.77630632192572,25,"Financial capital","no_significant_negative"
"On-farm income (continuous)","m_intervention_recla2","Rotational grazing",0.0721109022912885,0.158943267702282,0.453689566936297,25,0.653966185695326,-0.25523888524215,0.399460689824727,0.0721109022912885,0.158943267702282,-0.25523888524215,0.399460689824727,0.453689566936297,0.653966185695326,25,"Financial capital","no_significant_positive"
"Awareness of practice (1= yes)","m_intervention_recla2","Agroforestry",0.153210284953243,0.0879478366614915,1.74205859710847,11,0.109349966445786,-0.0403615984008635,0.346782168307349,0.153210284953243,0.0879478366614915,-0.0403615984008635,0.346782168307349,1.74205859710847,0.109349966445786,11,"Technical information","no_significant_positive"
"Awareness of practice (1= yes)","m_intervention_recla2","Crop rotation",0.310702132933998,0.118509976007941,2.62173821479113,11,0.0237548478423328,0.0498634344177045,0.571540831450291,0.310702132933998,0.118509976007941,0.0498634344177045,0.571540831450291,2.62173821479113,0.0237548478423328,11,"Technical information","significant_positive"
"Awareness of practice (1= yes)","m_intervention_recla2","Embedded seminatural habitats",0.173208824362783,0.149009133024863,1.16240408119067,11,0.269670304991428,-0.15475806614306,0.501175714868627,0.173208824362783,0.149009133024863,-0.15475806614306,0.501175714868627,1.16240408119067,0.269670304991428,11,"Technical information","no_significant_positive"
"Awareness of practice (1= yes)","m_intervention_recla2","Fallow",0.1430764110423,0.167184560940653,0.855799185267407,11,0.410363213468952,-0.224894326584513,0.511047148669113,0.1430764110423,0.167184560940653,-0.224894326584513,0.511047148669113,0.855799185267407,0.410363213468952,11,"Technical information","no_significant_positive"
"Awareness of practice (1= yes)","m_intervention_recla2","Intercropping",0.137074726475301,0.158360429297038,0.865586984600736,11,0.405199767196433,-0.21147422835322,0.485623681303822,0.137074726475301,0.158360429297038,-0.21147422835322,0.485623681303822,0.865586984600736,0.405199767196433,11,"Technical information","no_significant_positive"
"Farm size (continuous)","m_mean_farm_size_ha","intrcpt",0.0242788557236642,0.0209776210672838,1.15736935307354,76,0.250746060812499,-0.0175016975715499,0.0660594090188782,0.0242788557236642,0.0209776210672838,-0.0175016975715499,0.0660594090188782,1.15736935307354,0.250746060812499,76,"Physical capital","no_significant_positive"
"Farm size (continuous)","m_mean_farm_size_ha","",-4.40917973570125e-06,0.000117811436070783,-0.0374257362676756,119,0.970208263731291,-0.000237687589744671,0.000228869230273269,-4.40917973570125e-06,0.000117811436070783,-0.000237687589744671,0.000228869230273269,-0.0374257362676756,0.970208263731291,119,"Physical capital","no_significant_negative"
"Livestock units (continuous)","m_mean_farm_size_ha","intrcpt",0.00477183222320937,0.0474415657902436,0.100583362790077,22,0.920792225965262,-0.0936159533683737,0.103159617814792,0.00477183222320937,0.0474415657902436,-0.0936159533683737,0.103159617814792,0.100583362790077,0.920792225965262,22,"Physical capital","no_significant_positive"
"Livestock units (continuous)","m_mean_farm_size_ha","",0.00427288799924699,0.0044097376439534,0.968966488313866,40,0.338384658467534,-0.0046395242306544,0.0131853002291484,0.00427288799924699,0.0044097376439534,-0.0046395242306544,0.0131853002291484,0.968966488313866,0.338384658467534,40,"Physical capital","no_significant_positive"
"Adults in household (continuous)","m_mean_farm_size_ha","intrcpt",0.0566087441975947,0.128432811815054,0.440765435230933,10,0.668758681979086,-0.229557393677368,0.342774882072558,0.0566087441975947,0.128432811815054,-0.229557393677368,0.342774882072558,0.440765435230933,0.668758681979086,10,"Social capital","no_significant_positive"
"Adults in household (continuous)","m_mean_farm_size_ha","",0.0266893271980097,0.0467000028880623,0.571505900373985,17,0.575135802654013,-0.0718390663800849,0.125217720776104,0.0266893271980097,0.0467000028880623,-0.0718390663800849,0.125217720776104,0.571505900373985,0.575135802654013,17,"Social capital","no_significant_positive"
"Household size (continuous)","m_mean_farm_size_ha","intrcpt",0.0331340417114809,0.0284857813586332,1.1631782640724,54,0.249871507605041,-0.0239765113422962,0.090244594765258,0.0331340417114809,0.0284857813586332,-0.0239765113422962,0.090244594765258,1.1631782640724,0.249871507605041,54,"Socio-demographic","no_significant_positive"
"Household size (continuous)","m_mean_farm_size_ha","",-1.29265906158792e-05,0.000857860250722448,-0.0150684107405525,84,0.988013334986389,-0.00171887577811674,0.00169302259688499,-1.29265906158792e-05,0.000857860250722448,-0.00171887577811674,0.00169302259688499,-0.0150684107405525,0.988013334986389,84,"Socio-demographic","no_significant_negative"
"Association member (1= yes)","m_mean_farm_size_ha","intrcpt",0.0762314272798446,0.0348148665259757,2.18962285042706,45,0.033777405240156,0.00611068662644267,0.146352167933247,0.0762314272798446,0.0348148665259757,0.00611068662644267,0.146352167933247,2.18962285042706,0.033777405240156,45,"Social capital","significant_positive"
"Association member (1= yes)","m_mean_farm_size_ha","",-8.14736923717489e-05,0.0002286695422505,-0.356294465672639,81,0.722546434383613,-0.000536454353178719,0.000373506968435221,-8.14736923717489e-05,0.0002286695422505,-0.000536454353178719,0.000373506968435221,-0.356294465672639,0.722546434383613,81,"Social capital","no_significant_negative"
"Access to extension (1= yes)","m_mean_farm_size_ha","intrcpt",0.0790207674561451,0.0369656453693726,2.13768126233275,37,0.039215583866726,0.00412125541771544,0.153920279494575,0.0790207674561451,0.0369656453693726,0.00412125541771544,0.153920279494575,2.13768126233275,0.039215583866726,37,"Technical information","significant_positive"
"Access to extension (1= yes)","m_mean_farm_size_ha","",7.51478299330939e-05,0.000543877533833764,0.138170498427065,56,0.890601314575952,-0.00101436979190926,0.00116466545177545,7.51478299330939e-05,0.000543877533833764,-0.00101436979190926,0.00116466545177545,0.138170498427065,0.890601314575952,56,"Technical information","no_significant_positive"
"Distance farm-house (continuous)","m_mean_farm_size_ha","intrcpt",-0.116708305858804,0.0787674040828324,-1.48168277497215,15,0.159125631020563,-0.28459705349608,0.0511804417784726,-0.116708305858804,0.0787674040828324,-0.28459705349608,0.0511804417784726,-1.48168277497215,0.159125631020563,15,"Accessibility","no_significant_negative"
"Distance farm-house (continuous)","m_mean_farm_size_ha","",0.0291562763835665,0.0335657155017766,0.868632649347915,29,0.392180232087626,-0.0394933199200601,0.0978058726871932,0.0291562763835665,0.0335657155017766,-0.0394933199200601,0.0978058726871932,0.868632649347915,0.392180232087626,29,"Accessibility","no_significant_positive"
"Distance market (continuous)","m_mean_farm_size_ha","intrcpt",-0.042065808000771,0.0953325404052636,-0.441253404366935,17,0.664590254724122,-0.24319988682222,0.159068270820678,-0.042065808000771,0.0953325404052636,-0.24319988682222,0.159068270820678,-0.441253404366935,0.664590254724122,17,"Accessibility","no_significant_negative"
"Distance market (continuous)","m_mean_farm_size_ha","",0.0223051115316473,0.0328748436046716,0.678485707791403,17,0.506595573821268,-0.0470547456243228,0.0916649686876174,0.0223051115316473,0.0328748436046716,-0.0470547456243228,0.0916649686876174,0.678485707791403,0.506595573821268,17,"Accessibility","no_significant_positive"
"Access to information (1= yes)","m_mean_farm_size_ha","intrcpt",0.107911426995748,0.0572438352196613,1.88511874827499,15,0.0789366773180187,-0.0141009195692981,0.229923773560793,0.107911426995748,0.0572438352196613,-0.0141009195692981,0.229923773560793,1.88511874827499,0.0789366773180187,15,"Technical information","no_significant_positive"
"Access to information (1= yes)","m_mean_farm_size_ha","",0.000448490658460307,0.000849954060917122,0.527664586926467,15,0.605450235571578,-0.00136314353842818,0.00226012485534879,0.000448490658460307,0.000849954060917122,-0.00136314353842818,0.00226012485534879,0.527664586926467,0.605450235571578,15,"Technical information","no_significant_positive"
"On-farm income (continuous)","m_mean_farm_size_ha","intrcpt",0.112588794865072,0.060665822620563,1.8558850766644,13,0.0862765533776459,-0.0184717468429235,0.243649336573068,0.112588794865072,0.060665822620563,-0.0184717468429235,0.243649336573068,1.8558850766644,0.0862765533776459,13,"Financial capital","no_significant_positive"
"On-farm income (continuous)","m_mean_farm_size_ha","",-4.60069489831699e-05,0.00022382038014488,-0.205552992776571,13,0.840323933768836,-0.000529541482925756,0.000437527584959416,-4.60069489831699e-05,0.00022382038014488,-0.000529541482925756,0.000437527584959416,-0.205552992776571,0.840323933768836,13,"Financial capital","no_significant_negative"
"Awareness of practice (1= yes)","m_mean_farm_size_ha","intrcpt",0.0342640046126513,0.0631327277164449,0.542729672105173,5,0.610623128304009,-0.128023838489415,0.196551847714718,0.0342640046126513,0.0631327277164449,-0.128023838489415,0.196551847714718,0.542729672105173,0.610623128304009,5,"Technical information","no_significant_positive"
"Awareness of practice (1= yes)","m_mean_farm_size_ha","",0.00625796255293409,0.013028694743654,0.480321526911376,5,0.651276707582158,-0.0272333634971531,0.0397492886030213,0.00625796255293409,0.013028694743654,-0.0272333634971531,0.0397492886030213,0.480321526911376,0.651276707582158,5,"Technical information","no_significant_positive"
